{
  "metrics": {
    "mae": 4808.493685814966,
    "rmse": 13965.155706566375,
    "r2": 0.260324038383717,
    "mape": 19.022039565878767,
    "mdae": 1893.6934814453125,
    "train_time": 2.3118181228637695
  },
  "best_params": {
    "colsample_bylevel": 0.7,
    "colsample_bytree": 0.5,
    "gamma": 0.0,
    "learning_rate": 0.025,
    "max_delta_step": 0,
    "max_depth": 15,
    "min_child_weight": 5,
    "n_estimators": 400,
    "reg_alpha": 0.0,
    "reg_lambda": 1.0,
    "subsample": 0.8
  }
}