{
  "metrics": {
    "mae": 4388.223598885961,
    "rmse": 13054.804545739291,
    "r2": 0.35361586501946896,
    "mape": 14.430506381328183,
    "mdae": 1643.5979887188637,
    "train_time": 3.601802110671997
  },
  "best_params": {
    "colsample_bytree": 0.7,
    "learning_rate": 0.075,
    "max_bin": 255,
    "max_depth": 10,
    "min_child_samples": 20,
    "min_split_gain": 0.0,
    "n_estimators": 1200,
    "num_leaves": 36,
    "reg_alpha": 0.0,
    "reg_lambda": 5.0,
    "subsample": 0.7,
    "subsample_freq": 1
  }
}