{
  "metrics": {
    "mae": 4105.799879355816,
    "rmse": 12147.183345998837,
    "r2": 0.44036983749868175,
    "mape": 14.548812337536305,
    "mdae": 1510.235037388643,
    "train_time": 7.495967864990234
  },
  "best_params": {
    "colsample_bytree": 0.7,
    "learning_rate": 0.03,
    "max_bin": 255,
    "max_depth": 10,
    "min_child_samples": 50,
    "min_split_gain": 0.0,
    "n_estimators": 1700,
    "num_leaves": 73,
    "reg_alpha": 0.0,
    "reg_lambda": 0.0,
    "subsample": 0.7,
    "subsample_freq": 1
  }
}